product_name,price_gbp,rating_stars,in_stock
Sharp Objects,47.82,4,True
Sapiens: A Brief History of Humankind,54.23,5,True
The Dirty Little Secrets of Getting Your Dream Job,33.34,4,True
The Boys in the Boat: Nine Americans and Their Epic Quest for Gold at the 1936 Berlin Olympics,22.6,4,True
Shakespeare's Sonnets,20.66,4,True
Set Me Free,17.46,5,True
Scott Pilgrim's Precious Little Life (Scott Pilgrim #1),52.29,5,True
Rip it Up and Start Again,35.02,5,True
Chase Me (Paris Nights #2),25.27,5,True
Black Dust,34.53,5,True
Worlds Elsewhere: Journeys Around Shakespeareâs Globe,40.3,5,True
Wall and Piece,44.18,4,True
The Four Agreements: A Practical Guide to Personal Freedom,17.66,5,True
The Elephant Tree,23.82,5,True
Sophie's World,15.94,5,True
Behind Closed Doors,52.22,4,True
Private Paris (Private #10),47.61,5,True
#HigherSelfie: Wake Up Your Life. Free Your Soul. Find Your Tribe.,23.11,5,True
"We Love You, Charlie Freeman",50.27,5,True
Untitled Collection: Sabbath Poems 2014,14.27,4,True
"Unseen City: The Majesty of Pigeons, the Discreet Charm of Snails & Other Wonders of the Urban Wilderness",44.18,4,True
This One Summer,19.49,4,True
Thirst,17.27,5,True
The Past Never Ends,56.5,4,True
